date,weekday,daypart_durations,cluster_sizes,avg_timewindow,stddev_timewindow,range_timewindow,calc_threshold_from,calc_threshold_to,avg_threshold_factors,stddev_threshold_factors,range_threshold_factors
2014-03-12,2,450;90;450;330;120,10;10;10;10;10,15,15,15,01:00,05:30,1;1;1;1;1,1;1;1;1;1,1;1;1;1;1
2014-03-13,3,450;90;450;330;120,10;10;10;10;10,15,15,15,01:00,05:30,1;1;1;1;1,1;1;1;1;1,1;1;1;1;1
2014-03-14,4,450;90;450;330;120,10;10;10;10;10,15,15,15,01:00,05:30,1;1;1;1;1,1;1;1;1;1,1;1;1;1;1
2014-03-15,5,450;90;450;330;120,10;10;10;10;10,15,15,15,01:00,05:30,1;1;1;1;1,1;1;1;1;1,1;1;1;1;1
2014-03-16,6,450;90;450;330;120,10;10;10;10;10,15,15,15,01:00,05:30,1;1;1;1;1,1;1;1;1;1,1;1;1;1;1
2014-03-17,0,450;90;450;330;120,10;10;10;10;10,15,15,15,01:00,05:30,1;1;1;1;1,1;1;1;1;1,1;1;1;1;1
2014-03-18,1,450;90;450;330;120,10;10;10;10;10,15,15,15,01:00,05:30,1;1;1;1;1,1;1;1;1;1,1;1;1;1;1
2014-03-19,2,450;90;450;330;120,10;10;10;10;10,15,15,15,01:00,05:30,1;1;1;1;1,1;1;1;1;1,1;1;1;1;1
2014-03-20,3,450;90;450;330;120,10;10;10;10;10,15,15,15,01:00,05:30,1;1;1;1;1,1;1;1;1;1,1;1;1;1;1
2014-03-21,4,450;90;450;330;120,10;10;10;10;10,15,15,15,01:00,05:30,1;1;1;1;1,1;1;1;1;1,1;1;1;1;1
2014-03-22,5,450;90;450;330;120,10;10;10;10;10,15,15,15,01:00,05:30,1;1;1;1;1,1;1;1;1;1,1;1;1;1;1
2014-03-23,6,450;90;450;330;120,10;10;10;10;10,15,15,15,01:00,05:30,1;1;1;1;1,1;1;1;1;1,1;1;1;1;1
2014-03-24,0,450;90;450;330;120,10;10;10;10;10,15,15,15,01:00,05:30,1;1;1;1;1,1;1;1;1;1,1;1;1;1;1
2014-03-25,1,450;90;450;330;120,10;10;10;10;10,15,15,15,01:00,05:30,1;1;1;1;1,1;1;1;1;1,1;1;1;1;1
2014-03-26,2,450;90;450;330;120,10;10;10;10;10,15,15,15,01:00,05:30,1;1;1;1;1,1;1;1;1;1,1;1;1;1;1
2014-03-27,3,450;90;450;330;120,10;10;10;10;10,15,15,15,01:00,05:30,1;1;1;1;1,1;1;1;1;1,1;1;1;1;1
2014-03-28,4,450;90;450;330;120,10;10;10;10;10,15,15,15,01:00,05:30,1;1;1;1;1,1;1;1;1;1,1;1;1;1;1
2014-03-29,5,450;90;450;330;120,10;10;10;10;10,15,15,15,01:00,05:30,1;1;1;1;1,1;1;1;1;1,1;1;1;1;1
2014-03-30,6,450;90;450;330;120,10;10;10;10;10,15,15,15,01:00,05:30,1;1;1;1;1,1;1;1;1;1,1;1;1;1;1
2014-03-31,0,450;90;450;330;120,10;10;10;10;10,15,15,15,01:00,05:30,1;1;1;1;1,1;1;1;1;1,1;1;1;1;1
2014-04-01,1,450;90;450;330;120,10;10;10;10;10,15,15,15,01:00,05:30,1;1;1;1;1,1;1;1;1;1,1;1;1;1;1
2014-04-02,2,450;90;450;330;120,10;10;10;10;10,15,15,15,01:00,05:30,1;1;1;1;1,1;1;1;1;1,1;1;1;1;1
2014-04-03,3,450;90;450;330;120,10;10;10;10;10,15,15,15,01:00,05:30,1;1;1;1;1,1;1;1;1;1,1;1;1;1;1
2014-04-04,4,450;90;450;330;120,10;10;10;10;10,15,15,15,01:00,05:30,1;1;1;1;1,1;1;1;1;1,1;1;1;1;1
2014-04-07,0,450;90;450;330;120,10;10;10;10;10,15,15,15,01:00,05:30,1;1;1;1;1,1;1;1;1;1,1;1;1;1;1
2014-04-08,1,450;90;450;330;120,10;10;10;10;10,15,15,15,01:00,05:30,1;1;1;1;1,1;1;1;1;1,1;1;1;1;1
2014-04-09,2,450;90;450;330;120,10;10;10;10;10,15,15,15,01:00,05:30,1;1;1;1;1,1;1;1;1;1,1;1;1;1;1
2014-04-10,3,450;90;450;330;120,10;10;10;10;10,15,15,15,01:00,05:30,1;1;1;1;1,1;1;1;1;1,1;1;1;1;1
2014-04-11,4,450;90;450;330;120,10;10;10;10;10,15,15,15,01:00,05:30,1;1;1;1;1,1;1;1;1;1,1;1;1;1;1
2014-04-12,5,450;90;450;330;120,10;10;10;10;10,15,15,15,01:00,05:30,1;1;1;1;1,1;1;1;1;1,1;1;1;1;1
2014-04-13,6,450;90;450;330;120,10;10;10;10;10,15,15,15,01:00,05:30,1;1;1;1;1,1;1;1;1;1,1;1;1;1;1
2014-04-14,0,450;90;450;330;120,10;10;10;10;10,15,15,15,01:00,05:30,1;1;1;1;1,1;1;1;1;1,1;1;1;1;1
2014-04-15,1,450;90;450;330;120,10;10;10;10;10,15,15,15,01:00,05:30,1;1;1;1;1,1;1;1;1;1,1;1;1;1;1
2014-04-16,2,450;90;450;330;120,10;10;10;10;10,15,15,15,01:00,05:30,1;1;1;1;1,1;1;1;1;1,1;1;1;1;1
2014-04-17,3,450;90;450;330;120,10;10;10;10;10,15,15,15,01:00,05:30,1;1;1;1;1,1;1;1;1;1,1;1;1;1;1
2014-04-18,4,450;90;450;330;120,10;10;10;10;10,15,15,15,01:00,05:30,1;1;1;1;1,1;1;1;1;1,1;1;1;1;1
2014-04-19,5,450;90;450;330;120,10;10;10;10;10,15,15,15,01:00,05:30,1;1;1;1;1,1;1;1;1;1,1;1;1;1;1
2014-04-20,6,450;90;450;330;120,10;10;10;10;10,15,15,15,01:00,05:30,1;1;1;1;1,1;1;1;1;1,1;1;1;1;1
2014-04-21,0,450;90;450;330;120,10;10;10;10;10,15,15,15,01:00,05:30,1;1;1;1;1,1;1;1;1;1,1;1;1;1;1
2014-04-22,1,450;90;450;330;120,10;10;10;10;10,15,15,15,01:00,05:30,1;1;1;1;1,1;1;1;1;1,1;1;1;1;1
2014-04-23,2,450;90;450;330;120,10;10;10;10;10,15,15,15,01:00,05:30,1;1;1;1;1,1;1;1;1;1,1;1;1;1;1
2014-04-24,3,450;90;450;330;120,10;10;10;10;10,15,15,15,01:00,05:30,1;1;1;1;1,1;1;1;1;1,1;1;1;1;1
2014-04-25,4,450;90;450;330;120,10;10;10;10;10,15,15,15,01:00,05:30,1;1;1;1;1,1;1;1;1;1,1;1;1;1;1
2014-04-26,5,450;90;450;330;120,10;10;10;10;10,15,15,15,01:00,05:30,1;1;1;1;1,1;1;1;1;1,1;1;1;1;1
2014-04-27,6,450;90;450;330;120,10;10;10;10;10,15,15,15,01:00,05:30,1;1;1;1;1,1;1;1;1;1,1;1;1;1;1
2014-04-28,0,450;90;450;330;120,10;10;10;10;10,15,15,15,01:00,05:30,1;1;1;1;1,1;1;1;1;1,1;1;1;1;1
2014-04-29,1,450;90;450;330;120,10;10;10;10;10,15,15,15,01:00,05:30,1;1;1;1;1,1;1;1;1;1,1;1;1;1;1
2014-04-30,2,450;90;450;330;120,10;10;10;10;10,15,15,15,01:00,05:30,1;1;1;1;1,1;1;1;1;1,1;1;1;1;1
2014-05-01,3,450;90;450;330;120,10;10;10;10;10,15,15,15,01:00,05:30,1;1;1;1;1,1;1;1;1;1,1;1;1;1;1
2014-05-02,4,450;90;450;330;120,10;10;10;10;10,15,15,15,01:00,05:30,1;1;1;1;1,1;1;1;1;1,1;1;1;1;1
2014-05-03,5,450;90;450;330;120,10;10;10;10;10,15,15,15,01:00,05:30,1;1;1;1;1,1;1;1;1;1,1;1;1;1;1
2014-05-04,6,450;90;450;330;120,10;10;10;10;10,15,15,15,01:00,05:30,1;1;1;1;1,1;1;1;1;1,1;1;1;1;1
2014-05-05,0,450;90;450;330;120,10;10;10;10;10,15,15,15,01:00,05:30,1;1;1;1;1,1;1;1;1;1,1;1;1;1;1
2014-05-06,1,450;90;450;330;120,10;10;10;10;10,15,15,15,01:00,05:30,1;1;1;1;1,1;1;1;1;1,1;1;1;1;1
2014-05-07,2,450;90;450;330;120,10;10;10;10;10,15,15,15,01:00,05:30,1;1;1;1;1,1;1;1;1;1,1;1;1;1;1
2014-05-08,3,450;90;450;330;120,10;10;10;10;10,15,15,15,01:00,05:30,1;1;1;1;1,1;1;1;1;1,1;1;1;1;1
2014-05-09,4,450;90;450;330;120,10;10;10;10;10,15,15,15,01:00,05:30,1;1;1;1;1,1;1;1;1;1,1;1;1;1;1
2014-05-10,5,450;90;450;330;120,10;10;10;10;10,15,15,15,01:00,05:30,1;1;1;1;1,1;1;1;1;1,1;1;1;1;1
2014-05-11,6,450;90;450;330;120,10;10;10;10;10,15,15,15,01:00,05:30,1;1;1;1;1,1;1;1;1;1,1;1;1;1;1
2014-05-12,0,450;90;450;330;120,10;10;10;10;10,15,15,15,01:00,05:30,1;1;1;1;1,1;1;1;1;1,1;1;1;1;1
2014-05-13,1,450;90;450;330;120,10;10;10;10;10,15,15,15,01:00,05:30,1;1;1;1;1,1;1;1;1;1,1;1;1;1;1
2014-05-14,2,450;90;450;330;120,10;10;10;10;10,15,15,15,01:00,05:30,1;1;1;1;1,1;1;1;1;1,1;1;1;1;1
2014-05-15,3,450;90;450;330;120,10;10;10;10;10,15,15,15,01:00,05:30,1;1;1;1;1,1;1;1;1;1,1;1;1;1;1
2014-05-16,4,450;90;450;330;120,10;10;10;10;10,15,15,15,01:00,05:30,1;1;1;1;1,1;1;1;1;1,1;1;1;1;1
2014-05-17,5,450;90;450;330;120,10;10;10;10;10,15,15,15,01:00,05:30,1;1;1;1;1,1;1;1;1;1,1;1;1;1;1
2014-05-18,6,450;90;450;330;120,10;10;10;10;10,15,15,15,01:00,05:30,1;1;1;1;1,1;1;1;1;1,1;1;1;1;1
2014-05-19,0,450;90;450;330;120,10;10;10;10;10,15,15,15,01:00,05:30,1;1;1;1;1,1;1;1;1;1,1;1;1;1;1
2014-05-20,1,450;90;450;330;120,10;10;10;10;10,15,15,15,01:00,05:30,1;1;1;1;1,1;1;1;1;1,1;1;1;1;1
2014-05-21,2,450;90;450;330;120,10;10;10;10;10,15,15,15,01:00,05:30,1;1;1;1;1,1;1;1;1;1,1;1;1;1;1
2014-05-22,3,450;90;450;330;120,10;10;10;10;10,15,15,15,01:00,05:30,1;1;1;1;1,1;1;1;1;1,1;1;1;1;1
2014-05-23,4,450;90;450;330;120,10;10;10;10;10,15,15,15,01:00,05:30,1;1;1;1;1,1;1;1;1;1,1;1;1;1;1
2014-05-24,5,450;90;450;330;120,10;10;10;10;10,15,15,15,01:00,05:30,1;1;1;1;1,1;1;1;1;1,1;1;1;1;1
2014-05-25,6,450;90;450;330;120,10;10;10;10;10,15,15,15,01:00,05:30,1;1;1;1;1,1;1;1;1;1,1;1;1;1;1
2014-05-26,0,450;90;450;330;120,10;10;10;10;10,15,15,15,01:00,05:30,1;1;1;1;1,1;1;1;1;1,1;1;1;1;1
2014-05-27,1,450;90;450;330;120,10;10;10;10;10,15,15,15,01:00,05:30,1;1;1;1;1,1;1;1;1;1,1;1;1;1;1
2014-05-28,2,450;90;450;330;120,10;10;10;10;10,15,15,15,01:00,05:30,1;1;1;1;1,1;1;1;1;1,1;1;1;1;1
2014-05-29,3,450;90;450;330;120,10;10;10;10;10,15,15,15,01:00,05:30,1;1;1;1;1,1;1;1;1;1,1;1;1;1;1
2014-05-30,4,450;90;450;330;120,10;10;10;10;10,15,15,15,01:00,05:30,1;1;1;1;1,1;1;1;1;1,1;1;1;1;1
2014-05-31,5,450;90;450;330;120,10;10;10;10;10,15,15,15,01:00,05:30,1;1;1;1;1,1;1;1;1;1,1;1;1;1;1
2014-06-01,6,450;90;450;330;120,10;10;10;10;10,15,15,15,01:00,05:30,1;1;1;1;1,1;1;1;1;1,1;1;1;1;1
2014-06-02,0,450;90;450;330;120,10;10;10;10;10,15,15,15,01:00,05:30,1;1;1;1;1,1;1;1;1;1,1;1;1;1;1
2014-06-03,1,450;90;450;330;120,10;10;10;10;10,15,15,15,01:00,05:30,1;1;1;1;1,1;1;1;1;1,1;1;1;1;1
2014-06-04,2,450;90;450;330;120,10;10;10;10;10,15,15,15,01:00,05:30,1;1;1;1;1,1;1;1;1;1,1;1;1;1;1
2014-06-05,3,450;90;450;330;120,10;10;10;10;10,15,15,15,01:00,05:30,1;1;1;1;1,1;1;1;1;1,1;1;1;1;1
2014-06-06,4,450;90;450;330;120,10;10;10;10;10,15,15,15,01:00,05:30,1;1;1;1;1,1;1;1;1;1,1;1;1;1;1
2014-06-07,5,450;90;450;330;120,10;10;10;10;10,15,15,15,01:00,05:30,1;1;1;1;1,1;1;1;1;1,1;1;1;1;1
2014-06-08,6,450;90;450;330;120,10;10;10;10;10,15,15,15,01:00,05:30,1;1;1;1;1,1;1;1;1;1,1;1;1;1;1
2014-06-09,0,450;90;450;330;120,10;10;10;10;10,15,15,15,01:00,05:30,1;1;1;1;1,1;1;1;1;1,1;1;1;1;1
2014-06-10,1,450;90;450;330;120,10;10;10;10;10,15,15,15,01:00,05:30,1;1;1;1;1,1;1;1;1;1,1;1;1;1;1
2014-06-11,2,450;90;450;330;120,10;10;10;10;10,15,15,15,01:00,05:30,1;1;1;1;1,1;1;1;1;1,1;1;1;1;1
2014-06-12,3,450;90;450;330;120,10;10;10;10;10,15,15,15,01:00,05:30,1;1;1;1;1,1;1;1;1;1,1;1;1;1;1
2014-06-13,4,450;90;450;330;120,10;10;10;10;10,15,15,15,01:00,05:30,1;1;1;1;1,1;1;1;1;1,1;1;1;1;1
2014-06-14,5,450;90;450;330;120,10;10;10;10;10,15,15,15,01:00,05:30,1;1;1;1;1,1;1;1;1;1,1;1;1;1;1
2014-06-15,6,450;90;450;330;120,10;10;10;10;10,15,15,15,01:00,05:30,1;1;1;1;1,1;1;1;1;1,1;1;1;1;1
2014-06-16,0,450;90;450;330;120,10;10;10;10;10,15,15,15,01:00,05:30,1;1;1;1;1,1;1;1;1;1,1;1;1;1;1
2014-06-17,1,450;90;450;330;120,10;10;10;10;10,15,15,15,01:00,05:30,1;1;1;1;1,1;1;1;1;1,1;1;1;1;1
2014-06-18,2,450;90;450;330;120,10;10;10;10;10,15,15,15,01:00,05:30,1;1;1;1;1,1;1;1;1;1,1;1;1;1;1
2014-06-19,3,450;90;450;330;120,10;10;10;10;10,15,15,15,01:00,05:30,1;1;1;1;1,1;1;1;1;1,1;1;1;1;1
2014-06-20,4,450;90;450;330;120,10;10;10;10;10,15,15,15,01:00,05:30,1;1;1;1;1,1;1;1;1;1,1;1;1;1;1
2014-06-21,5,450;90;450;330;120,10;10;10;10;10,15,15,15,01:00,05:30,1;1;1;1;1,1;1;1;1;1,1;1;1;1;1
2014-06-22,6,450;90;450;330;120,10;10;10;10;10,15,15,15,01:00,05:30,1;1;1;1;1,1;1;1;1;1,1;1;1;1;1
2014-06-23,0,450;90;450;330;120,10;10;10;10;10,15,15,15,01:00,05:30,1;1;1;1;1,1;1;1;1;1,1;1;1;1;1
2014-06-24,1,450;90;450;330;120,10;10;10;10;10,15,15,15,01:00,05:30,1;1;1;1;1,1;1;1;1;1,1;1;1;1;1
2014-06-25,2,450;90;450;330;120,10;10;10;10;10,15,15,15,01:00,05:30,1;1;1;1;1,1;1;1;1;1,1;1;1;1;1
2014-06-26,3,450;90;450;330;120,10;10;10;10;10,15,15,15,01:00,05:30,1;1;1;1;1,1;1;1;1;1,1;1;1;1;1
2014-06-27,4,450;90;450;330;120,10;10;10;10;10,15,15,15,01:00,05:30,1;1;1;1;1,1;1;1;1;1,1;1;1;1;1
2014-06-28,5,450;90;450;330;120,10;10;10;10;10,15,15,15,01:00,05:30,1;1;1;1;1,1;1;1;1;1,1;1;1;1;1
2014-06-29,6,450;90;450;330;120,10;10;10;10;10,15,15,15,01:00,05:30,1;1;1;1;1,1;1;1;1;1,1;1;1;1;1
2014-06-30,0,450;90;450;330;120,10;10;10;10;10,15,15,15,01:00,05:30,1;1;1;1;1,1;1;1;1;1,1;1;1;1;1
2014-07-01,1,450;90;450;330;120,10;10;10;10;10,15,15,15,01:00,05:30,1;1;1;1;1,1;1;1;1;1,1;1;1;1;1
2014-07-02,2,450;90;450;330;120,10;10;10;10;10,15,15,15,01:00,05:30,1;1;1;1;1,1;1;1;1;1,1;1;1;1;1
2014-07-03,3,450;90;450;330;120,10;10;10;10;10,15,15,15,01:00,05:30,1;1;1;1;1,1;1;1;1;1,1;1;1;1;1
2014-07-04,4,450;90;450;330;120,10;10;10;10;10,15,15,15,01:00,05:30,1;1;1;1;1,1;1;1;1;1,1;1;1;1;1
2014-07-05,5,450;90;450;330;120,10;10;10;10;10,15,15,15,01:00,05:30,1;1;1;1;1,1;1;1;1;1,1;1;1;1;1
2014-07-06,6,450;90;450;330;120,10;10;10;10;10,15,15,15,01:00,05:30,1;1;1;1;1,1;1;1;1;1,1;1;1;1;1
2014-07-07,0,450;90;450;330;120,10;10;10;10;10,15,15,15,01:00,05:30,1;1;1;1;1,1;1;1;1;1,1;1;1;1;1
2014-07-08,1,450;90;450;330;120,10;10;10;10;10,15,15,15,01:00,05:30,1;1;1;1;1,1;1;1;1;1,1;1;1;1;1
2014-07-09,2,450;90;450;330;120,10;10;10;10;10,15,15,15,01:00,05:30,1;1;1;1;1,1;1;1;1;1,1;1;1;1;1
2014-07-10,3,450;90;450;330;120,10;10;10;10;10,15,15,15,01:00,05:30,1;1;1;1;1,1;1;1;1;1,1;1;1;1;1
2014-07-11,4,450;90;450;330;120,10;10;10;10;10,15,15,15,01:00,05:30,1;1;1;1;1,1;1;1;1;1,1;1;1;1;1
2014-07-12,5,450;90;450;330;120,10;10;10;10;10,15,15,15,01:00,05:30,1;1;1;1;1,1;1;1;1;1,1;1;1;1;1
2014-07-13,6,450;90;450;330;120,10;10;10;10;10,15,15,15,01:00,05:30,1;1;1;1;1,1;1;1;1;1,1;1;1;1;1
2014-07-14,0,450;90;450;330;120,10;10;10;10;10,15,15,15,01:00,05:30,1;1;1;1;1,1;1;1;1;1,1;1;1;1;1
2014-07-15,1,450;90;450;330;120,10;10;10;10;10,15,15,15,01:00,05:30,1;1;1;1;1,1;1;1;1;1,1;1;1;1;1
2014-07-16,2,450;90;450;330;120,10;10;10;10;10,15,15,15,01:00,05:30,1;1;1;1;1,1;1;1;1;1,1;1;1;1;1
2014-07-17,3,450;90;450;330;120,10;10;10;10;10,15,15,15,01:00,05:30,1;1;1;1;1,1;1;1;1;1,1;1;1;1;1
2014-07-18,4,450;90;450;330;120,10;10;10;10;10,15,15,15,01:00,05:30,1;1;1;1;1,1;1;1;1;1,1;1;1;1;1
2014-07-19,5,450;90;450;330;120,10;10;10;10;10,15,15,15,01:00,05:30,1;1;1;1;1,1;1;1;1;1,1;1;1;1;1
2014-07-20,6,450;90;450;330;120,10;10;10;10;10,15,15,15,01:00,05:30,1;1;1;1;1,1;1;1;1;1,1;1;1;1;1
2014-07-21,0,450;90;450;330;120,10;10;10;10;10,15,15,15,01:00,05:30,1;1;1;1;1,1;1;1;1;1,1;1;1;1;1
2014-07-22,1,450;90;450;330;120,10;10;10;10;10,15,15,15,01:00,05:30,1;1;1;1;1,1;1;1;1;1,1;1;1;1;1
2014-07-23,2,450;90;450;330;120,10;10;10;10;10,15,15,15,01:00,05:30,1;1;1;1;1,1;1;1;1;1,1;1;1;1;1
2014-07-24,3,450;90;450;330;120,10;10;10;10;10,15,15,15,01:00,05:30,1;1;1;1;1,1;1;1;1;1,1;1;1;1;1
2014-07-25,4,450;90;450;330;120,10;10;10;10;10,15,15,15,01:00,05:30,1;1;1;1;1,1;1;1;1;1,1;1;1;1;1
2014-07-26,5,450;90;450;330;120,10;10;10;10;10,15,15,15,01:00,05:30,1;1;1;1;1,1;1;1;1;1,1;1;1;1;1
2014-07-27,6,450;90;450;330;120,10;10;10;10;10,15,15,15,01:00,05:30,1;1;1;1;1,1;1;1;1;1,1;1;1;1;1
2014-07-28,0,450;90;450;330;120,10;10;10;10;10,15,15,15,01:00,05:30,1;1;1;1;1,1;1;1;1;1,1;1;1;1;1
2014-07-29,1,450;90;450;330;120,10;10;10;10;10,15,15,15,01:00,05:30,1;1;1;1;1,1;1;1;1;1,1;1;1;1;1
2014-07-30,2,450;90;450;330;120,10;10;10;10;10,15,15,15,01:00,05:30,1;1;1;1;1,1;1;1;1;1,1;1;1;1;1
2014-07-31,3,450;90;450;330;120,10;10;10;10;10,15,15,15,01:00,05:30,1;1;1;1;1,1;1;1;1;1,1;1;1;1;1
2014-08-01,4,450;90;450;330;120,10;10;10;10;10,15,15,15,01:00,05:30,1;1;1;1;1,1;1;1;1;1,1;1;1;1;1
2014-08-02,5,450;90;450;330;120,10;10;10;10;10,15,15,15,01:00,05:30,1;1;1;1;1,1;1;1;1;1,1;1;1;1;1
2014-08-03,6,450;90;450;330;120,10;10;10;10;10,15,15,15,01:00,05:30,1;1;1;1;1,1;1;1;1;1,1;1;1;1;1
2014-08-04,0,450;90;450;330;120,10;10;10;10;10,15,15,15,01:00,05:30,1;1;1;1;1,1;1;1;1;1,1;1;1;1;1
2014-08-05,1,450;90;450;330;120,10;10;10;10;10,15,15,15,01:00,05:30,1;1;1;1;1,1;1;1;1;1,1;1;1;1;1
2014-08-06,2,450;90;450;330;120,10;10;10;10;10,15,15,15,01:00,05:30,1;1;1;1;1,1;1;1;1;1,1;1;1;1;1
2014-08-07,3,450;90;450;330;120,10;10;10;10;10,15,15,15,01:00,05:30,1;1;1;1;1,1;1;1;1;1,1;1;1;1;1
2014-08-08,4,450;90;450;330;120,10;10;10;10;10,15,15,15,01:00,05:30,1;1;1;1;1,1;1;1;1;1,1;1;1;1;1
2014-08-09,5,450;90;450;330;120,10;10;10;10;10,15,15,15,01:00,05:30,1;1;1;1;1,1;1;1;1;1,1;1;1;1;1
2014-08-10,6,450;90;450;330;120,10;10;10;10;10,15,15,15,01:00,05:30,1;1;1;1;1,1;1;1;1;1,1;1;1;1;1
2014-08-11,0,450;90;450;330;120,10;10;10;10;10,15,15,15,01:00,05:30,1;1;1;1;1,1;1;1;1;1,1;1;1;1;1
2014-08-12,1,450;90;450;330;120,10;10;10;10;10,15,15,15,01:00,05:30,1;1;1;1;1,1;1;1;1;1,1;1;1;1;1
2014-08-13,2,450;90;450;330;120,10;10;10;10;10,15,15,15,01:00,05:30,1;1;1;1;1,1;1;1;1;1,1;1;1;1;1
2014-08-14,3,450;90;450;330;120,10;10;10;10;10,15,15,15,01:00,05:30,1;1;1;1;1,1;1;1;1;1,1;1;1;1;1
2014-08-15,4,450;90;450;330;120,10;10;10;10;10,15,15,15,01:00,05:30,1;1;1;1;1,1;1;1;1;1,1;1;1;1;1
2014-08-16,5,450;90;450;330;120,10;10;10;10;10,15,15,15,01:00,05:30,1;1;1;1;1,1;1;1;1;1,1;1;1;1;1
2014-08-17,6,450;90;450;330;120,10;10;10;10;10,15,15,15,01:00,05:30,1;1;1;1;1,1;1;1;1;1,1;1;1;1;1
2014-08-18,0,450;90;450;330;120,10;10;10;10;10,15,15,15,01:00,05:30,1;1;1;1;1,1;1;1;1;1,1;1;1;1;1
2014-08-19,1,450;90;450;330;120,10;10;10;10;10,15,15,15,01:00,05:30,1;1;1;1;1,1;1;1;1;1,1;1;1;1;1
2014-08-20,2,450;90;450;330;120,10;10;10;10;10,15,15,15,01:00,05:30,1;1;1;1;1,1;1;1;1;1,1;1;1;1;1
2014-08-21,3,450;90;450;330;120,10;10;10;10;10,15,15,15,01:00,05:30,1;1;1;1;1,1;1;1;1;1,1;1;1;1;1
2014-08-22,4,450;90;450;330;120,10;10;10;10;10,15,15,15,01:00,05:30,1;1;1;1;1,1;1;1;1;1,1;1;1;1;1
2014-08-23,5,450;90;450;330;120,10;10;10;10;10,15,15,15,01:00,05:30,1;1;1;1;1,1;1;1;1;1,1;1;1;1;1
2014-08-24,6,450;90;450;330;120,10;10;10;10;10,15,15,15,01:00,05:30,1;1;1;1;1,1;1;1;1;1,1;1;1;1;1
2014-08-25,0,450;90;450;330;120,10;10;10;10;10,15,15,15,01:00,05:30,1;1;1;1;1,1;1;1;1;1,1;1;1;1;1
2014-08-26,1,450;90;450;330;120,10;10;10;10;10,15,15,15,01:00,05:30,1;1;1;1;1,1;1;1;1;1,1;1;1;1;1
2014-08-27,2,450;90;450;330;120,10;10;10;10;10,15,15,15,01:00,05:30,1;1;1;1;1,1;1;1;1;1,1;1;1;1;1
2014-08-28,3,450;90;450;330;120,10;10;10;10;10,15,15,15,01:00,05:30,1;1;1;1;1,1;1;1;1;1,1;1;1;1;1
2014-08-29,4,450;90;450;330;120,10;10;10;10;10,15,15,15,01:00,05:30,1;1;1;1;1,1;1;1;1;1,1;1;1;1;1
2014-08-30,5,450;90;450;330;120,10;10;10;10;10,15,15,15,01:00,05:30,1;1;1;1;1,1;1;1;1;1,1;1;1;1;1
2014-08-31,6,450;90;450;330;120,10;10;10;10;10,15,15,15,01:00,05:30,1;1;1;1;1,1;1;1;1;1,1;1;1;1;1
2014-09-01,0,450;90;450;330;120,10;10;10;10;10,15,15,15,01:00,05:30,1;1;1;1;1,1;1;1;1;1,1;1;1;1;1
2014-09-02,1,450;90;450;330;120,10;10;10;10;10,15,15,15,01:00,05:30,1;1;1;1;1,1;1;1;1;1,1;1;1;1;1
2014-09-03,2,450;90;450;330;120,10;10;10;10;10,15,15,15,01:00,05:30,1;1;1;1;1,1;1;1;1;1,1;1;1;1;1
2014-09-04,3,450;90;450;330;120,10;10;10;10;10,15,15,15,01:00,05:30,1;1;1;1;1,1;1;1;1;1,1;1;1;1;1
2014-09-05,4,450;90;450;330;120,10;10;10;10;10,15,15,15,01:00,05:30,1;1;1;1;1,1;1;1;1;1,1;1;1;1;1
2014-09-06,5,450;90;450;330;120,10;10;10;10;10,15,15,15,01:00,05:30,1;1;1;1;1,1;1;1;1;1,1;1;1;1;1
2014-09-07,6,450;90;450;330;120,10;10;10;10;10,15,15,15,01:00,05:30,1;1;1;1;1,1;1;1;1;1,1;1;1;1;1
2014-09-08,0,450;90;450;330;120,10;10;10;10;10,15,15,15,01:00,05:30,1;1;1;1;1,1;1;1;1;1,1;1;1;1;1
2014-09-09,1,450;90;450;330;120,10;10;10;10;10,15,15,15,01:00,05:30,1;1;1;1;1,1;1;1;1;1,1;1;1;1;1
2014-09-10,2,450;90;450;330;120,10;10;10;10;10,15,15,15,01:00,05:30,1;1;1;1;1,1;1;1;1;1,1;1;1;1;1
2014-09-11,3,450;90;450;330;120,10;10;10;10;10,15,15,15,01:00,05:30,1;1;1;1;1,1;1;1;1;1,1;1;1;1;1
2014-09-12,4,450;90;450;330;120,10;10;10;10;10,15,15,15,01:00,05:30,1;1;1;1;1,1;1;1;1;1,1;1;1;1;1
2014-09-13,5,450;90;450;330;120,10;10;10;10;10,15,15,15,01:00,05:30,1;1;1;1;1,1;1;1;1;1,1;1;1;1;1
2014-09-14,6,450;90;450;330;120,10;10;10;10;10,15,15,15,01:00,05:30,1;1;1;1;1,1;1;1;1;1,1;1;1;1;1
2014-09-15,0,450;90;450;330;120,10;10;10;10;10,15,15,15,01:00,05:30,1;1;1;1;1,1;1;1;1;1,1;1;1;1;1
2014-09-16,1,450;90;450;330;120,10;10;10;10;10,15,15,15,01:00,05:30,1;1;1;1;1,1;1;1;1;1,1;1;1;1;1
2014-09-17,2,450;90;450;330;120,10;10;10;10;10,15,15,15,01:00,05:30,1;1;1;1;1,1;1;1;1;1,1;1;1;1;1
2014-09-18,3,450;90;450;330;120,10;10;10;10;10,15,15,15,01:00,05:30,1;1;1;1;1,1;1;1;1;1,1;1;1;1;1
2014-09-19,4,450;90;450;330;120,10;10;10;10;10,15,15,15,01:00,05:30,1;1;1;1;1,1;1;1;1;1,1;1;1;1;1
2014-09-20,5,450;90;450;330;120,10;10;10;10;10,15,15,15,01:00,05:30,1;1;1;1;1,1;1;1;1;1,1;1;1;1;1
2014-09-21,6,450;90;450;330;120,10;10;10;10;10,15,15,15,01:00,05:30,1;1;1;1;1,1;1;1;1;1,1;1;1;1;1
2014-09-22,0,450;90;450;330;120,10;10;10;10;10,15,15,15,01:00,05:30,1;1;1;1;1,1;1;1;1;1,1;1;1;1;1
2014-09-23,1,450;90;450;330;120,10;10;10;10;10,15,15,15,01:00,05:30,1;1;1;1;1,1;1;1;1;1,1;1;1;1;1
2014-09-24,2,450;90;450;330;120,10;10;10;10;10,15,15,15,01:00,05:30,1;1;1;1;1,1;1;1;1;1,1;1;1;1;1
2014-09-25,3,450;90;450;330;120,10;10;10;10;10,15,15,15,01:00,05:30,1;1;1;1;1,1;1;1;1;1,1;1;1;1;1
2014-09-26,4,450;90;450;330;120,10;10;10;10;10,15,15,15,01:00,05:30,1;1;1;1;1,1;1;1;1;1,1;1;1;1;1
2014-09-27,5,450;90;450;330;120,10;10;10;10;10,15,15,15,01:00,05:30,1;1;1;1;1,1;1;1;1;1,1;1;1;1;1
2014-09-28,6,450;90;450;330;120,10;10;10;10;10,15,15,15,01:00,05:30,1;1;1;1;1,1;1;1;1;1,1;1;1;1;1
2014-09-29,0,450;90;450;330;120,10;10;10;10;10,15,15,15,01:00,05:30,1;1;1;1;1,1;1;1;1;1,1;1;1;1;1
2014-09-30,1,450;90;450;330;120,10;10;10;10;10,15,15,15,01:00,05:30,1;1;1;1;1,1;1;1;1;1,1;1;1;1;1
2014-10-01,2,450;90;450;330;120,10;10;10;10;10,15,15,15,01:00,05:30,1;1;1;1;1,1;1;1;1;1,1;1;1;1;1
2014-10-02,3,450;90;450;330;120,10;10;10;10;10,15,15,15,01:00,05:30,1;1;1;1;1,1;1;1;1;1,1;1;1;1;1
2014-10-03,4,450;90;450;330;120,10;10;10;10;10,15,15,15,01:00,05:30,1;1;1;1;1,1;1;1;1;1,1;1;1;1;1
2014-10-04,5,450;90;450;330;120,10;10;10;10;10,15,15,15,01:00,05:30,1;1;1;1;1,1;1;1;1;1,1;1;1;1;1
2014-10-05,6,450;90;450;330;120,10;10;10;10;10,15,15,15,01:00,05:30,1;1;1;1;1,1;1;1;1;1,1;1;1;1;1
2014-10-06,0,450;90;450;330;120,10;10;10;10;10,15,15,15,01:00,05:30,1;1;1;1;1,1;1;1;1;1,1;1;1;1;1
2014-10-07,1,450;90;450;330;120,10;10;10;10;10,15,15,15,01:00,05:30,1;1;1;1;1,1;1;1;1;1,1;1;1;1;1
2014-10-08,2,450;90;450;330;120,10;10;10;10;10,15,15,15,01:00,05:30,1;1;1;1;1,1;1;1;1;1,1;1;1;1;1
2014-10-09,3,450;90;450;330;120,10;10;10;10;10,15,15,15,01:00,05:30,1;1;1;1;1,1;1;1;1;1,1;1;1;1;1
2014-10-10,4,450;90;450;330;120,10;10;10;10;10,15,15,15,01:00,05:30,1;1;1;1;1,1;1;1;1;1,1;1;1;1;1
2014-10-11,5,450;90;450;330;120,10;10;10;10;10,15,15,15,01:00,05:30,1;1;1;1;1,1;1;1;1;1,1;1;1;1;1
2014-10-12,6,450;90;450;330;120,10;10;10;10;10,15,15,15,01:00,05:30,1;1;1;1;1,1;1;1;1;1,1;1;1;1;1
2014-10-13,0,450;90;450;330;120,10;10;10;10;10,15,15,15,01:00,05:30,1;1;1;1;1,1;1;1;1;1,1;1;1;1;1
2014-10-14,1,450;90;450;330;120,10;10;10;10;10,15,15,15,01:00,05:30,1;1;1;1;1,1;1;1;1;1,1;1;1;1;1
2014-10-15,2,450;90;450;330;120,10;10;10;10;10,15,15,15,01:00,05:30,1;1;1;1;1,1;1;1;1;1,1;1;1;1;1
2014-10-16,3,450;90;450;330;120,10;10;10;10;10,15,15,15,01:00,05:30,1;1;1;1;1,1;1;1;1;1,1;1;1;1;1
2014-10-17,4,450;90;450;330;120,10;10;10;10;10,15,15,15,01:00,05:30,1;1;1;1;1,1;1;1;1;1,1;1;1;1;1
2014-10-18,5,450;90;450;330;120,10;10;10;10;10,15,15,15,01:00,05:30,1;1;1;1;1,1;1;1;1;1,1;1;1;1;1
2014-10-19,6,450;90;450;330;120,10;10;10;10;10,15,15,15,01:00,05:30,1;1;1;1;1,1;1;1;1;1,1;1;1;1;1
2014-10-20,0,450;90;450;330;120,10;10;10;10;10,15,15,15,01:00,05:30,1;1;1;1;1,1;1;1;1;1,1;1;1;1;1
2014-10-21,1,450;90;450;330;120,10;10;10;10;10,15,15,15,01:00,05:30,1;1;1;1;1,1;1;1;1;1,1;1;1;1;1
2014-10-22,2,450;90;450;330;120,10;10;10;10;10,15,15,15,01:00,05:30,1;1;1;1;1,1;1;1;1;1,1;1;1;1;1
2014-10-23,3,450;90;450;330;120,10;10;10;10;10,15,15,15,01:00,05:30,1;1;1;1;1,1;1;1;1;1,1;1;1;1;1
2014-10-24,4,450;90;450;330;120,10;10;10;10;10,15,15,15,01:00,05:30,1;1;1;1;1,1;1;1;1;1,1;1;1;1;1
2014-10-25,5,450;90;450;330;120,10;10;10;10;10,15,15,15,01:00,05:30,1;1;1;1;1,1;1;1;1;1,1;1;1;1;1
2014-10-26,6,450;90;450;330;120,10;10;10;10;10,15,15,15,01:00,05:30,1;1;1;1;1,1;1;1;1;1,1;1;1;1;1
2014-10-27,0,450;90;450;330;120,10;10;10;10;10,15,15,15,01:00,05:30,1;1;1;1;1,1;1;1;1;1,1;1;1;1;1
2014-10-28,1,450;90;450;330;120,10;10;10;10;10,15,15,15,01:00,05:30,1;1;1;1;1,1;1;1;1;1,1;1;1;1;1
2014-10-29,2,450;90;450;330;120,10;10;10;10;10,15,15,15,01:00,05:30,1;1;1;1;1,1;1;1;1;1,1;1;1;1;1
2014-10-30,3,450;90;450;330;120,10;10;10;10;10,15,15,15,01:00,05:30,1;1;1;1;1,1;1;1;1;1,1;1;1;1;1
2014-10-31,4,450;90;450;330;120,10;10;10;10;10,15,15,15,01:00,05:30,1;1;1;1;1,1;1;1;1;1,1;1;1;1;1
2014-11-01,5,450;90;450;330;120,10;10;10;10;10,15,15,15,01:00,05:30,1;1;1;1;1,1;1;1;1;1,1;1;1;1;1
2014-11-02,6,450;90;450;330;120,10;10;10;10;10,15,15,15,01:00,05:30,1;1;1;1;1,1;1;1;1;1,1;1;1;1;1
2014-11-03,0,450;90;450;330;120,10;10;10;10;10,15,15,15,01:00,05:30,1;1;1;1;1,1;1;1;1;1,1;1;1;1;1
2014-11-04,1,450;90;450;330;120,10;10;10;10;10,15,15,15,01:00,05:30,1;1;1;1;1,1;1;1;1;1,1;1;1;1;1
2014-11-05,2,450;90;450;330;120,10;10;10;10;10,15,15,15,01:00,05:30,1;1;1;1;1,1;1;1;1;1,1;1;1;1;1
2014-11-06,3,450;90;450;330;120,10;10;10;10;10,15,15,15,01:00,05:30,1;1;1;1;1,1;1;1;1;1,1;1;1;1;1
2014-11-07,4,450;90;450;330;120,10;10;10;10;10,15,15,15,01:00,05:30,1;1;1;1;1,1;1;1;1;1,1;1;1;1;1
2014-11-08,5,450;90;450;330;120,10;10;10;10;10,15,15,15,01:00,05:30,1;1;1;1;1,1;1;1;1;1,1;1;1;1;1
2014-11-09,6,450;90;450;330;120,10;10;10;10;10,15,15,15,01:00,05:30,1;1;1;1;1,1;1;1;1;1,1;1;1;1;1
2014-11-10,0,450;90;450;330;120,10;10;10;10;10,15,15,15,01:00,05:30,1;1;1;1;1,1;1;1;1;1,1;1;1;1;1
2014-11-11,1,450;90;450;330;120,10;10;10;10;10,15,15,15,01:00,05:30,1;1;1;1;1,1;1;1;1;1,1;1;1;1;1
2014-11-12,2,450;90;450;330;120,10;10;10;10;10,15,15,15,01:00,05:30,1;1;1;1;1,1;1;1;1;1,1;1;1;1;1
2014-11-13,3,450;90;450;330;120,10;10;10;10;10,15,15,15,01:00,05:30,1;1;1;1;1,1;1;1;1;1,1;1;1;1;1
2014-11-14,4,450;90;450;330;120,10;10;10;10;10,15,15,15,01:00,05:30,1;1;1;1;1,1;1;1;1;1,1;1;1;1;1
2014-11-15,5,450;90;450;330;120,10;10;10;10;10,15,15,15,01:00,05:30,1;1;1;1;1,1;1;1;1;1,1;1;1;1;1
2014-11-16,6,450;90;450;330;120,10;10;10;10;10,15,15,15,01:00,05:30,1;1;1;1;1,1;1;1;1;1,1;1;1;1;1
2014-11-17,0,450;90;450;330;120,10;10;10;10;10,15,15,15,01:00,05:30,1;1;1;1;1,1;1;1;1;1,1;1;1;1;1
2014-11-18,1,450;90;450;330;120,10;10;10;10;10,15,15,15,01:00,05:30,1;1;1;1;1,1;1;1;1;1,1;1;1;1;1
2014-11-19,2,450;90;450;330;120,10;10;10;10;10,15,15,15,01:00,05:30,1;1;1;1;1,1;1;1;1;1,1;1;1;1;1
2014-11-20,3,450;90;450;330;120,10;10;10;10;10,15,15,15,01:00,05:30,1;1;1;1;1,1;1;1;1;1,1;1;1;1;1
2014-11-21,4,450;90;450;330;120,10;10;10;10;10,15,15,15,01:00,05:30,1;1;1;1;1,1;1;1;1;1,1;1;1;1;1
2014-11-22,5,450;90;450;330;120,10;10;10;10;10,15,15,15,01:00,05:30,1;1;1;1;1,1;1;1;1;1,1;1;1;1;1
2014-11-23,6,450;90;450;330;120,10;10;10;10;10,15,15,15,01:00,05:30,1;1;1;1;1,1;1;1;1;1,1;1;1;1;1
2014-11-24,0,450;90;450;330;120,10;10;10;10;10,15,15,15,01:00,05:30,1;1;1;1;1,1;1;1;1;1,1;1;1;1;1
2014-11-25,1,450;90;450;330;120,10;10;10;10;10,15,15,15,01:00,05:30,1;1;1;1;1,1;1;1;1;1,1;1;1;1;1
2014-11-26,2,450;90;450;330;120,10;10;10;10;10,15,15,15,01:00,05:30,1;1;1;1;1,1;1;1;1;1,1;1;1;1;1
2014-11-27,3,450;90;450;330;120,10;10;10;10;10,15,15,15,01:00,05:30,1;1;1;1;1,1;1;1;1;1,1;1;1;1;1
2014-11-28,4,450;90;450;330;120,10;10;10;10;10,15,15,15,01:00,05:30,1;1;1;1;1,1;1;1;1;1,1;1;1;1;1
2014-11-29,5,450;90;450;330;120,10;10;10;10;10,15,15,15,01:00,05:30,1;1;1;1;1,1;1;1;1;1,1;1;1;1;1
2014-11-30,6,450;90;450;330;120,10;10;10;10;10,15,15,15,01:00,05:30,1;1;1;1;1,1;1;1;1;1,1;1;1;1;1
2014-12-01,0,450;90;450;330;120,10;10;10;10;10,15,15,15,01:00,05:30,1;1;1;1;1,1;1;1;1;1,1;1;1;1;1
2014-12-02,1,450;90;450;330;120,10;10;10;10;10,15,15,15,01:00,05:30,1;1;1;1;1,1;1;1;1;1,1;1;1;1;1
2014-12-03,2,450;90;450;330;120,10;10;10;10;10,15,15,15,01:00,05:30,1;1;1;1;1,1;1;1;1;1,1;1;1;1;1
2014-12-04,3,450;90;450;330;120,10;10;10;10;10,15,15,15,01:00,05:30,1;1;1;1;1,1;1;1;1;1,1;1;1;1;1
2014-12-05,4,450;90;450;330;120,10;10;10;10;10,15,15,15,01:00,05:30,1;1;1;1;1,1;1;1;1;1,1;1;1;1;1
2014-12-06,5,450;90;450;330;120,10;10;10;10;10,15,15,15,01:00,05:30,1;1;1;1;1,1;1;1;1;1,1;1;1;1;1
2014-12-07,6,450;90;450;330;120,10;10;10;10;10,15,15,15,01:00,05:30,1;1;1;1;1,1;1;1;1;1,1;1;1;1;1
2014-12-08,0,450;90;450;330;120,10;10;10;10;10,15,15,15,01:00,05:30,1;1;1;1;1,1;1;1;1;1,1;1;1;1;1
2014-12-09,1,450;90;450;330;120,10;10;10;10;10,15,15,15,01:00,05:30,1;1;1;1;1,1;1;1;1;1,1;1;1;1;1
2014-12-10,2,450;90;450;330;120,10;10;10;10;10,15,15,15,01:00,05:30,1;1;1;1;1,1;1;1;1;1,1;1;1;1;1
2014-12-11,3,450;90;450;330;120,10;10;10;10;10,15,15,15,01:00,05:30,1;1;1;1;1,1;1;1;1;1,1;1;1;1;1
2014-12-12,4,450;90;450;330;120,10;10;10;10;10,15,15,15,01:00,05:30,1;1;1;1;1,1;1;1;1;1,1;1;1;1;1
2014-12-13,5,450;90;450;330;120,10;10;10;10;10,15,15,15,01:00,05:30,1;1;1;1;1,1;1;1;1;1,1;1;1;1;1
2014-12-14,6,450;90;450;330;120,10;10;10;10;10,15,15,15,01:00,05:30,1;1;1;1;1,1;1;1;1;1,1;1;1;1;1
2014-12-15,0,450;90;450;330;120,10;10;10;10;10,15,15,15,01:00,05:30,1;1;1;1;1,1;1;1;1;1,1;1;1;1;1
2014-12-16,1,450;90;450;330;120,10;10;10;10;10,15,15,15,01:00,05:30,1;1;1;1;1,1;1;1;1;1,1;1;1;1;1
2014-12-17,2,450;90;450;330;120,10;10;10;10;10,15,15,15,01:00,05:30,1;1;1;1;1,1;1;1;1;1,1;1;1;1;1
2014-12-18,3,450;90;450;330;120,10;10;10;10;10,15,15,15,01:00,05:30,1;1;1;1;1,1;1;1;1;1,1;1;1;1;1
2014-12-19,4,450;90;450;330;120,10;10;10;10;10,15,15,15,01:00,05:30,1;1;1;1;1,1;1;1;1;1,1;1;1;1;1
2014-12-20,5,450;90;450;330;120,10;10;10;10;10,15,15,15,01:00,05:30,1;1;1;1;1,1;1;1;1;1,1;1;1;1;1
2014-12-21,6,450;90;450;330;120,10;10;10;10;10,15,15,15,01:00,05:30,1;1;1;1;1,1;1;1;1;1,1;1;1;1;1
2014-12-22,0,450;90;450;330;120,10;10;10;10;10,15,15,15,01:00,05:30,1;1;1;1;1,1;1;1;1;1,1;1;1;1;1
2014-12-23,1,450;90;450;330;120,10;10;10;10;10,15,15,15,01:00,05:30,1;1;1;1;1,1;1;1;1;1,1;1;1;1;1
2014-12-24,2,450;90;450;330;120,10;10;10;10;10,15,15,15,01:00,05:30,1;1;1;1;1,1;1;1;1;1,1;1;1;1;1
2014-12-25,3,450;90;450;330;120,10;10;10;10;10,15,15,15,01:00,05:30,1;1;1;1;1,1;1;1;1;1,1;1;1;1;1
2014-12-26,4,450;90;450;330;120,10;10;10;10;10,15,15,15,01:00,05:30,1;1;1;1;1,1;1;1;1;1,1;1;1;1;1
2014-12-27,5,450;90;450;330;120,10;10;10;10;10,15,15,15,01:00,05:30,1;1;1;1;1,1;1;1;1;1,1;1;1;1;1
2014-12-28,6,450;90;450;330;120,10;10;10;10;10,15,15,15,01:00,05:30,1;1;1;1;1,1;1;1;1;1,1;1;1;1;1
2014-12-29,0,450;90;450;330;120,10;10;10;10;10,15,15,15,01:00,05:30,1;1;1;1;1,1;1;1;1;1,1;1;1;1;1
2014-12-30,1,450;90;450;330;120,10;10;10;10;10,15,15,15,01:00,05:30,1;1;1;1;1,1;1;1;1;1,1;1;1;1;1
2014-12-31,2,450;90;450;330;120,10;10;10;10;10,15,15,15,01:00,05:30,1;1;1;1;1,1;1;1;1;1,1;1;1;1;1
2015-01-01,3,450;90;450;330;120,10;10;10;10;10,15,15,15,01:00,05:30,1;1;1;1;1,1;1;1;1;1,1;1;1;1;1
2015-01-02,4,450;90;450;330;120,10;10;10;10;10,15,15,15,01:00,05:30,1;1;1;1;1,1;1;1;1;1,1;1;1;1;1
2015-01-03,5,450;90;450;330;120,10;10;10;10;10,15,15,15,01:00,05:30,1;1;1;1;1,1;1;1;1;1,1;1;1;1;1
2015-01-04,6,450;90;450;330;120,10;10;10;10;10,15,15,15,01:00,05:30,1;1;1;1;1,1;1;1;1;1,1;1;1;1;1
2015-01-05,0,450;90;450;330;120,10;10;10;10;10,15,15,15,01:00,05:30,1;1;1;1;1,1;1;1;1;1,1;1;1;1;1
2015-01-06,1,450;90;450;330;120,10;10;10;10;10,15,15,15,01:00,05:30,1;1;1;1;1,1;1;1;1;1,1;1;1;1;1
2015-01-07,2,450;90;450;330;120,10;10;10;10;10,15,15,15,01:00,05:30,1;1;1;1;1,1;1;1;1;1,1;1;1;1;1
2015-01-08,3,450;90;450;330;120,10;10;10;10;10,15,15,15,01:00,05:30,1;1;1;1;1,1;1;1;1;1,1;1;1;1;1
2015-01-09,4,450;90;450;330;120,10;10;10;10;10,15,15,15,01:00,05:30,1;1;1;1;1,1;1;1;1;1,1;1;1;1;1
2015-01-10,5,450;90;450;330;120,10;10;10;10;10,15,15,15,01:00,05:30,1;1;1;1;1,1;1;1;1;1,1;1;1;1;1
2015-01-11,6,450;90;450;330;120,10;10;10;10;10,15,15,15,01:00,05:30,1;1;1;1;1,1;1;1;1;1,1;1;1;1;1
2015-01-12,0,450;90;450;330;120,10;10;10;10;10,15,15,15,01:00,05:30,1;1;1;1;1,1;1;1;1;1,1;1;1;1;1
2015-01-13,1,450;90;450;330;120,10;10;10;10;10,15,15,15,01:00,05:30,1;1;1;1;1,1;1;1;1;1,1;1;1;1;1
2015-01-14,2,450;90;450;330;120,10;10;10;10;10,15,15,15,01:00,05:30,1;1;1;1;1,1;1;1;1;1,1;1;1;1;1
2015-01-15,3,450;90;450;330;120,10;10;10;10;10,15,15,15,01:00,05:30,1;1;1;1;1,1;1;1;1;1,1;1;1;1;1
2015-01-16,4,450;90;450;330;120,10;10;10;10;10,15,15,15,01:00,05:30,1;1;1;1;1,1;1;1;1;1,1;1;1;1;1
2015-01-17,5,450;90;450;330;120,10;10;10;10;10,15,15,15,01:00,05:30,1;1;1;1;1,1;1;1;1;1,1;1;1;1;1
2015-01-18,6,450;90;450;330;120,10;10;10;10;10,15,15,15,01:00,05:30,1;1;1;1;1,1;1;1;1;1,1;1;1;1;1
2015-01-19,0,450;90;450;330;120,10;10;10;10;10,15,15,15,01:00,05:30,1;1;1;1;1,1;1;1;1;1,1;1;1;1;1
2015-01-20,1,450;90;450;330;120,10;10;10;10;10,15,15,15,01:00,05:30,1;1;1;1;1,1;1;1;1;1,1;1;1;1;1
2015-01-21,2,450;90;450;330;120,10;10;10;10;10,15,15,15,01:00,05:30,1;1;1;1;1,1;1;1;1;1,1;1;1;1;1
2015-01-22,3,450;90;450;330;120,10;10;10;10;10,15,15,15,01:00,05:30,1;1;1;1;1,1;1;1;1;1,1;1;1;1;1
2015-01-23,4,450;90;450;330;120,10;10;10;10;10,15,15,15,01:00,05:30,1;1;1;1;1,1;1;1;1;1,1;1;1;1;1
2015-01-24,5,450;90;450;330;120,10;10;10;10;10,15,15,15,01:00,05:30,1;1;1;1;1,1;1;1;1;1,1;1;1;1;1
2015-01-25,6,450;90;450;330;120,10;10;10;10;10,15,15,15,01:00,05:30,1;1;1;1;1,1;1;1;1;1,1;1;1;1;1
2015-01-26,0,450;90;450;330;120,10;10;10;10;10,15,15,15,01:00,05:30,1;1;1;1;1,1;1;1;1;1,1;1;1;1;1
2015-01-27,1,450;90;450;330;120,10;10;10;10;10,15,15,15,01:00,05:30,1;1;1;1;1,1;1;1;1;1,1;1;1;1;1
2015-01-28,2,450;90;450;330;120,10;10;10;10;10,15,15,15,01:00,05:30,1;1;1;1;1,1;1;1;1;1,1;1;1;1;1
2015-01-29,3,450;90;450;330;120,10;10;10;10;10,15,15,15,01:00,05:30,1;1;1;1;1,1;1;1;1;1,1;1;1;1;1
2015-01-30,4,450;90;450;330;120,10;10;10;10;10,15,15,15,01:00,05:30,1;1;1;1;1,1;1;1;1;1,1;1;1;1;1
2015-01-31,5,450;90;450;330;120,10;10;10;10;10,15,15,15,01:00,05:30,1;1;1;1;1,1;1;1;1;1,1;1;1;1;1
2015-02-01,6,450;90;450;330;120,10;10;10;10;10,15,15,15,01:00,05:30,1;1;1;1;1,1;1;1;1;1,1;1;1;1;1
2015-02-02,0,450;90;450;330;120,10;10;10;10;10,15,15,15,01:00,05:30,1;1;1;1;1,1;1;1;1;1,1;1;1;1;1
2015-02-03,1,450;90;450;330;120,10;10;10;10;10,15,15,15,01:00,05:30,1;1;1;1;1,1;1;1;1;1,1;1;1;1;1
2015-02-05,3,450;90;450;330;120,10;10;10;10;10,15,15,15,01:00,05:30,1;1;1;1;1,1;1;1;1;1,1;1;1;1;1
2015-02-06,4,450;90;450;330;120,10;10;10;10;10,15,15,15,01:00,05:30,1;1;1;1;1,1;1;1;1;1,1;1;1;1;1
2015-02-07,5,450;90;450;330;120,10;10;10;10;10,15,15,15,01:00,05:30,1;1;1;1;1,1;1;1;1;1,1;1;1;1;1
2015-02-08,6,450;90;450;330;120,10;10;10;10;10,15,15,15,01:00,05:30,1;1;1;1;1,1;1;1;1;1,1;1;1;1;1
2015-02-09,0,450;90;450;330;120,10;10;10;10;10,15,15,15,01:00,05:30,1;1;1;1;1,1;1;1;1;1,1;1;1;1;1
2015-02-10,1,450;90;450;330;120,10;10;10;10;10,15,15,15,01:00,05:30,1;1;1;1;1,1;1;1;1;1,1;1;1;1;1
2015-02-11,2,450;90;450;330;120,10;10;10;10;10,15,15,15,01:00,05:30,1;1;1;1;1,1;1;1;1;1,1;1;1;1;1
2015-02-12,3,450;90;450;330;120,10;10;10;10;10,15,15,15,01:00,05:30,1;1;1;1;1,1;1;1;1;1,1;1;1;1;1
2015-02-13,4,450;90;450;330;120,10;10;10;10;10,15,15,15,01:00,05:30,1;1;1;1;1,1;1;1;1;1,1;1;1;1;1
2015-02-14,5,450;90;450;330;120,10;10;10;10;10,15,15,15,01:00,05:30,1;1;1;1;1,1;1;1;1;1,1;1;1;1;1
2015-02-15,6,450;90;450;330;120,10;10;10;10;10,15,15,15,01:00,05:30,1;1;1;1;1,1;1;1;1;1,1;1;1;1;1
2015-02-16,0,450;90;450;330;120,10;10;10;10;10,15,15,15,01:00,05:30,1;1;1;1;1,1;1;1;1;1,1;1;1;1;1
2015-02-17,1,450;90;450;330;120,10;10;10;10;10,15,15,15,01:00,05:30,1;1;1;1;1,1;1;1;1;1,1;1;1;1;1
2015-02-18,2,450;90;450;330;120,10;10;10;10;10,15,15,15,01:00,05:30,1;1;1;1;1,1;1;1;1;1,1;1;1;1;1
2015-02-19,3,450;90;450;330;120,10;10;10;10;10,15,15,15,01:00,05:30,1;1;1;1;1,1;1;1;1;1,1;1;1;1;1
2015-02-20,4,450;90;450;330;120,10;10;10;10;10,15,15,15,01:00,05:30,1;1;1;1;1,1;1;1;1;1,1;1;1;1;1
2015-02-21,5,450;90;450;330;120,10;10;10;10;10,15,15,15,01:00,05:30,1;1;1;1;1,1;1;1;1;1,1;1;1;1;1
2015-02-22,6,450;90;450;330;120,10;10;10;10;10,15,15,15,01:00,05:30,1;1;1;1;1,1;1;1;1;1,1;1;1;1;1
2015-02-23,0,450;90;450;330;120,10;10;10;10;10,15,15,15,01:00,05:30,1;1;1;1;1,1;1;1;1;1,1;1;1;1;1
2015-02-24,1,450;90;450;330;120,10;10;10;10;10,15,15,15,01:00,05:30,1;1;1;1;1,1;1;1;1;1,1;1;1;1;1
2015-02-25,2,450;90;450;330;120,10;10;10;10;10,15,15,15,01:00,05:30,1;1;1;1;1,1;1;1;1;1,1;1;1;1;1
2015-02-26,3,450;90;450;330;120,10;10;10;10;10,15,15,15,01:00,05:30,1;1;1;1;1,1;1;1;1;1,1;1;1;1;1
2015-02-27,4,450;90;450;330;120,10;10;10;10;10,15,15,15,01:00,05:30,1;1;1;1;1,1;1;1;1;1,1;1;1;1;1
2015-02-28,5,450;90;450;330;120,10;10;10;10;10,15,15,15,01:00,05:30,1;1;1;1;1,1;1;1;1;1,1;1;1;1;1
2015-03-01,6,450;90;450;330;120,10;10;10;10;10,15,15,15,01:00,05:30,1;1;1;1;1,1;1;1;1;1,1;1;1;1;1
2015-03-02,0,450;90;450;330;120,10;10;10;10;10,15,15,15,01:00,05:30,1;1;1;1;1,1;1;1;1;1,1;1;1;1;1
2015-03-03,1,450;90;450;330;120,10;10;10;10;10,15,15,15,01:00,05:30,1;1;1;1;1,1;1;1;1;1,1;1;1;1;1
2015-03-04,2,450;90;450;330;120,10;10;10;10;10,15,15,15,01:00,05:30,1;1;1;1;1,1;1;1;1;1,1;1;1;1;1
2015-03-05,3,450;90;450;330;120,10;10;10;10;10,15,15,15,01:00,05:30,1;1;1;1;1,1;1;1;1;1,1;1;1;1;1
2015-03-06,4,450;90;450;330;120,10;10;10;10;10,15,15,15,01:00,05:30,1;1;1;1;1,1;1;1;1;1,1;1;1;1;1
2015-03-07,5,450;90;450;330;120,10;10;10;10;10,15,15,15,01:00,05:30,1;1;1;1;1,1;1;1;1;1,1;1;1;1;1
2015-03-08,6,450;90;450;330;120,10;10;10;10;10,15,15,15,01:00,05:30,1;1;1;1;1,1;1;1;1;1,1;1;1;1;1
2015-03-09,0,450;90;450;330;120,10;10;10;10;10,15,15,15,01:00,05:30,1;1;1;1;1,1;1;1;1;1,1;1;1;1;1
2015-03-10,1,450;90;450;330;120,10;10;10;10;10,15,15,15,01:00,05:30,1;1;1;1;1,1;1;1;1;1,1;1;1;1;1
2015-03-11,2,450;90;450;330;120,10;10;10;10;10,15,15,15,01:00,05:30,1;1;1;1;1,1;1;1;1;1,1;1;1;1;1
2015-03-12,3,450;90;450;330;120,10;10;10;10;10,15,15,15,01:00,05:30,1;1;1;1;1,1;1;1;1;1,1;1;1;1;1
2015-03-13,4,450;90;450;330;120,10;10;10;10;10,15,15,15,01:00,05:30,1;1;1;1;1,1;1;1;1;1,1;1;1;1;1
2015-03-14,5,450;90;450;330;120,10;10;10;10;10,15,15,15,01:00,05:30,1;1;1;1;1,1;1;1;1;1,1;1;1;1;1
2015-03-15,6,450;90;450;330;120,10;10;10;10;10,15,15,15,01:00,05:30,1;1;1;1;1,1;1;1;1;1,1;1;1;1;1
2015-03-16,0,450;90;450;330;120,10;10;10;10;10,15,15,15,01:00,05:30,1;1;1;1;1,1;1;1;1;1,1;1;1;1;1
2015-03-17,1,450;90;450;330;120,10;10;10;10;10,15,15,15,01:00,05:30,1;1;1;1;1,1;1;1;1;1,1;1;1;1;1
2015-03-18,2,450;90;450;330;120,10;10;10;10;10,15,15,15,01:00,05:30,1;1;1;1;1,1;1;1;1;1,1;1;1;1;1
2015-03-19,3,450;90;450;330;120,10;10;10;10;10,15,15,15,01:00,05:30,1;1;1;1;1,1;1;1;1;1,1;1;1;1;1
2015-03-20,4,450;90;450;330;120,10;10;10;10;10,15,15,15,01:00,05:30,1;1;1;1;1,1;1;1;1;1,1;1;1;1;1
2015-03-21,5,450;90;450;330;120,10;10;10;10;10,15,15,15,01:00,05:30,1;1;1;1;1,1;1;1;1;1,1;1;1;1;1
2015-03-22,6,450;90;450;330;120,10;10;10;10;10,15,15,15,01:00,05:30,1;1;1;1;1,1;1;1;1;1,1;1;1;1;1
2015-03-23,0,450;90;450;330;120,10;10;10;10;10,15,15,15,01:00,05:30,1;1;1;1;1,1;1;1;1;1,1;1;1;1;1
2015-03-24,1,450;90;450;330;120,10;10;10;10;10,15,15,15,01:00,05:30,1;1;1;1;1,1;1;1;1;1,1;1;1;1;1
2015-03-25,2,450;90;450;330;120,10;10;10;10;10,15,15,15,01:00,05:30,1;1;1;1;1,1;1;1;1;1,1;1;1;1;1
2015-03-26,3,450;90;450;330;120,10;10;10;10;10,15,15,15,01:00,05:30,1;1;1;1;1,1;1;1;1;1,1;1;1;1;1
2015-03-27,4,450;90;450;330;120,10;10;10;10;10,15,15,15,01:00,05:30,1;1;1;1;1,1;1;1;1;1,1;1;1;1;1
2015-03-28,5,450;90;450;330;120,10;10;10;10;10,15,15,15,01:00,05:30,1;1;1;1;1,1;1;1;1;1,1;1;1;1;1
2015-03-29,6,450;90;450;330;120,10;10;10;10;10,15,15,15,01:00,05:30,1;1;1;1;1,1;1;1;1;1,1;1;1;1;1
2015-03-30,0,450;90;450;330;120,10;10;10;10;10,15,15,15,01:00,05:30,1;1;1;1;1,1;1;1;1;1,1;1;1;1;1
2015-03-31,1,450;90;450;330;120,10;10;10;10;10,15,15,15,01:00,05:30,1;1;1;1;1,1;1;1;1;1,1;1;1;1;1
2015-04-01,2,450;90;450;330;120,10;10;10;10;10,15,15,15,01:00,05:30,1;1;1;1;1,1;1;1;1;1,1;1;1;1;1
2015-04-02,3,450;90;450;330;120,10;10;10;10;10,15,15,15,01:00,05:30,1;1;1;1;1,1;1;1;1;1,1;1;1;1;1
2015-04-03,4,450;90;450;330;120,10;10;10;10;10,15,15,15,01:00,05:30,1;1;1;1;1,1;1;1;1;1,1;1;1;1;1
2015-04-04,5,450;90;450;330;120,10;10;10;10;10,15,15,15,01:00,05:30,1;1;1;1;1,1;1;1;1;1,1;1;1;1;1
2015-04-05,6,450;90;450;330;120,10;10;10;10;10,15,15,15,01:00,05:30,1;1;1;1;1,1;1;1;1;1,1;1;1;1;1
2015-04-06,0,450;90;450;330;120,10;10;10;10;10,15,15,15,01:00,05:30,1;1;1;1;1,1;1;1;1;1,1;1;1;1;1
2015-04-07,1,450;90;450;330;120,10;10;10;10;10,15,15,15,01:00,05:30,1;1;1;1;1,1;1;1;1;1,1;1;1;1;1
2015-04-08,2,450;90;450;330;120,10;10;10;10;10,15,15,15,01:00,05:30,1;1;1;1;1,1;1;1;1;1,1;1;1;1;1
2015-04-09,3,450;90;450;330;120,10;10;10;10;10,15,15,15,01:00,05:30,1;1;1;1;1,1;1;1;1;1,1;1;1;1;1
2015-04-10,4,450;90;450;330;120,10;10;10;10;10,15,15,15,01:00,05:30,1;1;1;1;1,1;1;1;1;1,1;1;1;1;1
2015-04-11,5,450;90;450;330;120,10;10;10;10;10,15,15,15,01:00,05:30,1;1;1;1;1,1;1;1;1;1,1;1;1;1;1
2015-04-12,6,450;90;450;330;120,10;10;10;10;10,15,15,15,01:00,05:30,1;1;1;1;1,1;1;1;1;1,1;1;1;1;1
2015-04-13,0,450;90;450;330;120,10;10;10;10;10,15,15,15,01:00,05:30,1;1;1;1;1,1;1;1;1;1,1;1;1;1;1
2015-04-14,1,450;90;450;330;120,10;10;10;10;10,15,15,15,01:00,05:30,1;1;1;1;1,1;1;1;1;1,1;1;1;1;1
2015-04-15,2,450;90;450;330;120,10;10;10;10;10,15,15,15,01:00,05:30,1;1;1;1;1,1;1;1;1;1,1;1;1;1;1
2015-04-16,3,450;90;450;330;120,10;10;10;10;10,15,15,15,01:00,05:30,1;1;1;1;1,1;1;1;1;1,1;1;1;1;1
2015-04-17,4,450;90;450;330;120,10;10;10;10;10,15,15,15,01:00,05:30,1;1;1;1;1,1;1;1;1;1,1;1;1;1;1
2015-04-18,5,450;90;450;330;120,10;10;10;10;10,15,15,15,01:00,05:30,1;1;1;1;1,1;1;1;1;1,1;1;1;1;1
2015-04-19,6,450;90;450;330;120,10;10;10;10;10,15,15,15,01:00,05:30,1;1;1;1;1,1;1;1;1;1,1;1;1;1;1
2015-04-20,0,450;90;450;330;120,10;10;10;10;10,15,15,15,01:00,05:30,1;1;1;1;1,1;1;1;1;1,1;1;1;1;1
2015-04-21,1,450;90;450;330;120,10;10;10;10;10,15,15,15,01:00,05:30,1;1;1;1;1,1;1;1;1;1,1;1;1;1;1
2015-04-22,2,450;90;450;330;120,10;10;10;10;10,15,15,15,01:00,05:30,1;1;1;1;1,1;1;1;1;1,1;1;1;1;1
2015-04-23,3,450;90;450;330;120,10;10;10;10;10,15,15,15,01:00,05:30,1;1;1;1;1,1;1;1;1;1,1;1;1;1;1
2015-04-24,4,450;90;450;330;120,10;10;10;10;10,15,15,15,01:00,05:30,1;1;1;1;1,1;1;1;1;1,1;1;1;1;1
2015-04-25,5,450;90;450;330;120,10;10;10;10;10,15,15,15,01:00,05:30,1;1;1;1;1,1;1;1;1;1,1;1;1;1;1
2015-04-26,6,450;90;450;330;120,10;10;10;10;10,15,15,15,01:00,05:30,1;1;1;1;1,1;1;1;1;1,1;1;1;1;1
2015-04-27,0,450;90;450;330;120,10;10;10;10;10,15,15,15,01:00,05:30,1;1;1;1;1,1;1;1;1;1,1;1;1;1;1
2015-04-28,1,450;90;450;330;120,10;10;10;10;10,15,15,15,01:00,05:30,1;1;1;1;1,1;1;1;1;1,1;1;1;1;1
2015-04-29,2,450;90;450;330;120,10;10;10;10;10,15,15,15,01:00,05:30,1;1;1;1;1,1;1;1;1;1,1;1;1;1;1
2015-04-30,3,450;90;450;330;120,10;10;10;10;10,15,15,15,01:00,05:30,1;1;1;1;1,1;1;1;1;1,1;1;1;1;1
2015-05-01,4,450;90;450;330;120,10;10;10;10;10,15,15,15,01:00,05:30,1;1;1;1;1,1;1;1;1;1,1;1;1;1;1
2015-05-02,5,450;90;450;330;120,10;10;10;10;10,15,15,15,01:00,05:30,1;1;1;1;1,1;1;1;1;1,1;1;1;1;1
2015-05-03,6,450;90;450;330;120,10;10;10;10;10,15,15,15,01:00,05:30,1;1;1;1;1,1;1;1;1;1,1;1;1;1;1
2015-05-04,0,450;90;450;330;120,10;10;10;10;10,15,15,15,01:00,05:30,1;1;1;1;1,1;1;1;1;1,1;1;1;1;1
2015-05-05,1,450;90;450;330;120,10;10;10;10;10,15,15,15,01:00,05:30,1;1;1;1;1,1;1;1;1;1,1;1;1;1;1
2015-05-06,2,450;90;450;330;120,10;10;10;10;10,15,15,15,01:00,05:30,1;1;1;1;1,1;1;1;1;1,1;1;1;1;1
2015-05-07,3,450;90;450;330;120,10;10;10;10;10,15,15,15,01:00,05:30,1;1;1;1;1,1;1;1;1;1,1;1;1;1;1
2015-05-08,4,450;90;450;330;120,10;10;10;10;10,15,15,15,01:00,05:30,1;1;1;1;1,1;1;1;1;1,1;1;1;1;1
2015-05-09,5,450;90;450;330;120,10;10;10;10;10,15,15,15,01:00,05:30,1;1;1;1;1,1;1;1;1;1,1;1;1;1;1
2015-05-10,6,450;90;450;330;120,10;10;10;10;10,15,15,15,01:00,05:30,1;1;1;1;1,1;1;1;1;1,1;1;1;1;1
2015-05-11,0,450;90;450;330;120,10;10;10;10;10,15,15,15,01:00,05:30,1;1;1;1;1,1;1;1;1;1,1;1;1;1;1
2015-05-12,1,450;90;450;330;120,10;10;10;10;10,15,15,15,01:00,05:30,1;1;1;1;1,1;1;1;1;1,1;1;1;1;1
2015-05-13,2,450;90;450;330;120,10;10;10;10;10,15,15,15,01:00,05:30,1;1;1;1;1,1;1;1;1;1,1;1;1;1;1
2015-05-14,3,450;90;450;330;120,10;10;10;10;10,15,15,15,01:00,05:30,1;1;1;1;1,1;1;1;1;1,1;1;1;1;1
2015-05-15,4,450;90;450;330;120,10;10;10;10;10,15,15,15,01:00,05:30,1;1;1;1;1,1;1;1;1;1,1;1;1;1;1
2015-05-16,5,450;90;450;330;120,10;10;10;10;10,15,15,15,01:00,05:30,1;1;1;1;1,1;1;1;1;1,1;1;1;1;1
2015-05-17,6,450;90;450;330;120,10;10;10;10;10,15,15,15,01:00,05:30,1;1;1;1;1,1;1;1;1;1,1;1;1;1;1
2015-05-18,0,450;90;450;330;120,10;10;10;10;10,15,15,15,01:00,05:30,1;1;1;1;1,1;1;1;1;1,1;1;1;1;1
2015-05-19,1,450;90;450;330;120,10;10;10;10;10,15,15,15,01:00,05:30,1;1;1;1;1,1;1;1;1;1,1;1;1;1;1
2015-05-20,2,450;90;450;330;120,10;10;10;10;10,15,15,15,01:00,05:30,1;1;1;1;1,1;1;1;1;1,1;1;1;1;1
2015-05-21,3,450;90;450;330;120,10;10;10;10;10,15,15,15,01:00,05:30,1;1;1;1;1,1;1;1;1;1,1;1;1;1;1
2015-05-22,4,450;90;450;330;120,10;10;10;10;10,15,15,15,01:00,05:30,1;1;1;1;1,1;1;1;1;1,1;1;1;1;1
2015-05-23,5,450;90;450;330;120,10;10;10;10;10,15,15,15,01:00,05:30,1;1;1;1;1,1;1;1;1;1,1;1;1;1;1
2015-05-24,6,450;90;450;330;120,10;10;10;10;10,15,15,15,01:00,05:30,1;1;1;1;1,1;1;1;1;1,1;1;1;1;1
2015-05-25,0,450;90;450;330;120,10;10;10;10;10,15,15,15,01:00,05:30,1;1;1;1;1,1;1;1;1;1,1;1;1;1;1
2015-05-26,1,450;90;450;330;120,10;10;10;10;10,15,15,15,01:00,05:30,1;1;1;1;1,1;1;1;1;1,1;1;1;1;1
2015-05-27,2,450;90;450;330;120,10;10;10;10;10,15,15,15,01:00,05:30,1;1;1;1;1,1;1;1;1;1,1;1;1;1;1
2015-05-28,3,450;90;450;330;120,10;10;10;10;10,15,15,15,01:00,05:30,1;1;1;1;1,1;1;1;1;1,1;1;1;1;1
2015-05-29,4,450;90;450;330;120,10;10;10;10;10,15,15,15,01:00,05:30,1;1;1;1;1,1;1;1;1;1,1;1;1;1;1
2015-05-30,5,450;90;450;330;120,10;10;10;10;10,15,15,15,01:00,05:30,1;1;1;1;1,1;1;1;1;1,1;1;1;1;1
2015-05-31,6,450;90;450;330;120,10;10;10;10;10,15,15,15,01:00,05:30,1;1;1;1;1,1;1;1;1;1,1;1;1;1;1
2015-06-01,0,450;90;450;330;120,10;10;10;10;10,15,15,15,01:00,05:30,1;1;1;1;1,1;1;1;1;1,1;1;1;1;1
2015-06-02,1,450;90;450;330;120,10;10;10;10;10,15,15,15,01:00,05:30,1;1;1;1;1,1;1;1;1;1,1;1;1;1;1
2015-06-03,2,450;90;450;330;120,10;10;10;10;10,15,15,15,01:00,05:30,1;1;1;1;1,1;1;1;1;1,1;1;1;1;1
2015-06-04,3,450;90;450;330;120,10;10;10;10;10,15,15,15,01:00,05:30,1;1;1;1;1,1;1;1;1;1,1;1;1;1;1
2015-06-05,4,450;90;450;330;120,10;10;10;10;10,15,15,15,01:00,05:30,1;1;1;1;1,1;1;1;1;1,1;1;1;1;1
2015-06-06,5,450;90;450;330;120,10;10;10;10;10,15,15,15,01:00,05:30,1;1;1;1;1,1;1;1;1;1,1;1;1;1;1
2015-06-07,6,450;90;450;330;120,10;10;10;10;10,15,15,15,01:00,05:30,1;1;1;1;1,1;1;1;1;1,1;1;1;1;1
2015-06-08,0,450;90;450;330;120,10;10;10;10;10,15,15,15,01:00,05:30,1;1;1;1;1,1;1;1;1;1,1;1;1;1;1
2015-06-09,1,450;90;450;330;120,10;10;10;10;10,15,15,15,01:00,05:30,1;1;1;1;1,1;1;1;1;1,1;1;1;1;1
2015-06-10,2,450;90;450;330;120,10;10;10;10;10,15,15,15,01:00,05:30,1;1;1;1;1,1;1;1;1;1,1;1;1;1;1
2015-06-11,3,450;90;450;330;120,10;10;10;10;10,15,15,15,01:00,05:30,1;1;1;1;1,1;1;1;1;1,1;1;1;1;1
2015-06-12,4,450;90;450;330;120,10;10;10;10;10,15,15,15,01:00,05:30,1;1;1;1;1,1;1;1;1;1,1;1;1;1;1
2015-06-13,5,450;90;450;330;120,10;10;10;10;10,15,15,15,01:00,05:30,1;1;1;1;1,1;1;1;1;1,1;1;1;1;1
2015-06-14,6,450;90;450;330;120,10;10;10;10;10,15,15,15,01:00,05:30,1;1;1;1;1,1;1;1;1;1,1;1;1;1;1
2015-06-15,0,450;90;450;330;120,10;10;10;10;10,15,15,15,01:00,05:30,1;1;1;1;1,1;1;1;1;1,1;1;1;1;1
2015-06-16,1,450;90;450;330;120,10;10;10;10;10,15,15,15,01:00,05:30,1;1;1;1;1,1;1;1;1;1,1;1;1;1;1
2015-06-17,2,450;90;450;330;120,10;10;10;10;10,15,15,15,01:00,05:30,1;1;1;1;1,1;1;1;1;1,1;1;1;1;1
2015-06-18,3,450;90;450;330;120,10;10;10;10;10,15,15,15,01:00,05:30,1;1;1;1;1,1;1;1;1;1,1;1;1;1;1
2015-06-19,4,450;90;450;330;120,10;10;10;10;10,15,15,15,01:00,05:30,1;1;1;1;1,1;1;1;1;1,1;1;1;1;1
2015-06-20,5,450;90;450;330;120,10;10;10;10;10,15,15,15,01:00,05:30,1;1;1;1;1,1;1;1;1;1,1;1;1;1;1
2015-06-21,6,450;90;450;330;120,10;10;10;10;10,15,15,15,01:00,05:30,1;1;1;1;1,1;1;1;1;1,1;1;1;1;1
2015-06-22,0,450;90;450;330;120,10;10;10;10;10,15,15,15,01:00,05:30,1;1;1;1;1,1;1;1;1;1,1;1;1;1;1
2015-06-23,1,450;90;450;330;120,10;10;10;10;10,15,15,15,01:00,05:30,1;1;1;1;1,1;1;1;1;1,1;1;1;1;1
2015-06-24,2,450;90;450;330;120,10;10;10;10;10,15,15,15,01:00,05:30,1;1;1;1;1,1;1;1;1;1,1;1;1;1;1
2015-06-25,3,450;90;450;330;120,10;10;10;10;10,15,15,15,01:00,05:30,1;1;1;1;1,1;1;1;1;1,1;1;1;1;1
2015-06-26,4,450;90;450;330;120,10;10;10;10;10,15,15,15,01:00,05:30,1;1;1;1;1,1;1;1;1;1,1;1;1;1;1
2015-06-27,5,450;90;450;330;120,10;10;10;10;10,15,15,15,01:00,05:30,1;1;1;1;1,1;1;1;1;1,1;1;1;1;1
2015-06-28,6,450;90;450;330;120,10;10;10;10;10,15,15,15,01:00,05:30,1;1;1;1;1,1;1;1;1;1,1;1;1;1;1
2015-06-29,0,450;90;450;330;120,10;10;10;10;10,15,15,15,01:00,05:30,1;1;1;1;1,1;1;1;1;1,1;1;1;1;1
